{
	"partitions" : [
		{
			"name" : "Top",
			"pins" : [
				{
					"name" : "GPIO_2[0]",
					"strict" : false
				},
				{
					"name" : "GPIO_2[1]",
					"strict" : false
				},
				{
					"name" : "GPIO_2[2]",
					"strict" : false
				},
				{
					"name" : "GPIO_2[3]",
					"strict" : false
				},
				{
					"name" : "GPIO_2[4]",
					"strict" : false
				},
				{
					"name" : "GPIO_2[5]",
					"strict" : false
				},
				{
					"name" : "GPIO_2[6]",
					"strict" : false
				},
				{
					"name" : "GPIO_2[7]",
					"strict" : false
				},
				{
					"name" : "GPIO_2[8]",
					"strict" : false
				},
				{
					"name" : "GPIO_2[9]",
					"strict" : false
				},
				{
					"name" : "GPIO_2[10]",
					"strict" : false
				},
				{
					"name" : "GPIO_2[11]",
					"strict" : false
				},
				{
					"name" : "GPIO_2[12]",
					"strict" : false
				},
				{
					"name" : "GPIO_0_PI[1]",
					"strict" : false
				},
				{
					"name" : "GPIO_1[0]",
					"strict" : false
				},
				{
					"name" : "GPIO_1[1]",
					"strict" : false
				},
				{
					"name" : "GPIO_1[2]",
					"strict" : false
				},
				{
					"name" : "GPIO_1[3]",
					"strict" : false
				},
				{
					"name" : "GPIO_1[4]",
					"strict" : false
				},
				{
					"name" : "GPIO_1[5]",
					"strict" : false
				},
				{
					"name" : "GPIO_1[6]",
					"strict" : false
				},
				{
					"name" : "GPIO_1[7]",
					"strict" : false
				},
				{
					"name" : "GPIO_1[8]",
					"strict" : false
				},
				{
					"name" : "GPIO_1[9]",
					"strict" : false
				},
				{
					"name" : "GPIO_1[10]",
					"strict" : false
				},
				{
					"name" : "GPIO_1[11]",
					"strict" : false
				},
				{
					"name" : "GPIO_1[12]",
					"strict" : false
				},
				{
					"name" : "GPIO_1[13]",
					"strict" : false
				},
				{
					"name" : "GPIO_1[14]",
					"strict" : false
				},
				{
					"name" : "GPIO_1[15]",
					"strict" : false
				},
				{
					"name" : "GPIO_1[16]",
					"strict" : false
				},
				{
					"name" : "GPIO_1[17]",
					"strict" : false
				},
				{
					"name" : "GPIO_1[18]",
					"strict" : false
				},
				{
					"name" : "GPIO_1[19]",
					"strict" : false
				},
				{
					"name" : "GPIO_1[20]",
					"strict" : false
				},
				{
					"name" : "GPIO_1[21]",
					"strict" : false
				},
				{
					"name" : "GPIO_1[22]",
					"strict" : false
				},
				{
					"name" : "GPIO_1[23]",
					"strict" : false
				},
				{
					"name" : "GPIO_1[24]",
					"strict" : false
				},
				{
					"name" : "GPIO_1[25]",
					"strict" : false
				},
				{
					"name" : "GPIO_1[26]",
					"strict" : false
				},
				{
					"name" : "GPIO_1[27]",
					"strict" : false
				},
				{
					"name" : "GPIO_1[28]",
					"strict" : false
				},
				{
					"name" : "GPIO_1[29]",
					"strict" : false
				},
				{
					"name" : "GPIO_1[30]",
					"strict" : false
				},
				{
					"name" : "GPIO_1[31]",
					"strict" : false
				},
				{
					"name" : "GPIO_1[33]",
					"strict" : false
				},
				{
					"name" : "CLOCK_50",
					"strict" : false
				},
				{
					"name" : "altera_reserved_tms",
					"strict" : false
				},
				{
					"name" : "altera_reserved_tck",
					"strict" : false
				},
				{
					"name" : "altera_reserved_tdi",
					"strict" : false
				},
				{
					"name" : "altera_reserved_tdo",
					"strict" : false
				}
			]
		}
	]
}