{
	"partitions" : [
		{
			"name" : "Top",
			"pins" : [
				{
					"name" : "CounterOut[0]",
					"strict" : false
				},
				{
					"name" : "CounterOut[1]",
					"strict" : false
				},
				{
					"name" : "CounterOut[2]",
					"strict" : false
				},
				{
					"name" : "CounterOut[3]",
					"strict" : false
				},
				{
					"name" : "CounterOut[4]",
					"strict" : false
				},
				{
					"name" : "CounterOut[5]",
					"strict" : false
				},
				{
					"name" : "CounterOut[6]",
					"strict" : false
				},
				{
					"name" : "CounterOut[7]",
					"strict" : false
				},
				{
					"name" : "Clock",
					"strict" : false
				},
				{
					"name" : "CounterInLSB",
					"strict" : false
				},
				{
					"name" : "DoShiftL2R",
					"strict" : false
				},
				{
					"name" : "DoReset",
					"strict" : false
				},
				{
					"name" : "DoIncrement",
					"strict" : false
				},
				{
					"name" : "DoDecrement",
					"strict" : false
				},
				{
					"name" : "DoShiftR2L",
					"strict" : false
				},
				{
					"name" : "CounterInMSB",
					"strict" : false
				}
			]
		}
	]
}